address,contact_name,email,phone_number,supplier_id,supplier_name
"141 Shore Ln, Island City, MA",Donald Benjamin,dbenjamin@supplier.com,(555) 484-6922,501,Dynamic Systems Group
"161 Harbor Ln, Bay Point, FM",Nicholas Dennis,ndennis@supplier.com,(555) 397-6986,502,Dynamic Systems Group
"151 Pearl St, Seaside, SD",Catherine Moore,cmoore@supplier.com,(555) 240-4096,503,Mega Suppliers
"505 Walnut St, Coast City, OR",Linda Virginia,lvirginia@supplier.com,(555) 624-2518,504,Tech Supplies Inc.
"585 Lighthouse Rd, Sea Haven, LA",Mark Samuel,msamuel@supplier.com,(555) 295-9426,505,Ultimate Services
"303 Cedar Rd, Star City, WA",Elizabeth Henry,ehenry@supplier.com,(555) 588-6666,506,Future Tech
"555 Palm Dr, Ocean Side, SC",Nicholas Rodriguez,nrodriguez@supplier.com,(555) 358-7736,507,Core Technologies
"808 Willow St, Paradise City, FL",Emily Davis,edavis@supplier.com,(555) 462-4258,508,Unified Trading Co.
"454 Valley Dr, Bridge Town, CT",Deborah Jane,djane@supplier.com,(555) 655-0661,509,Unified Trading Co.
"686 Canyon St, Desert Springs, NM",Nicholas Lauren,nlauren@supplier.com,(555) 047-4283,510,Precision Suppliers LLC
"222 Sequoia Dr, Lake Town, MN",Steven Samuel,ssamuel@supplier.com,(555) 038-3373,511,Smart Solutions Ltd.
"484 Dune Rd, Salt Lake, DC",Eric Ralph,eralph@supplier.com,(555) 845-7437,512,Innovative Solutions Co.
"131 Park Rd, Twin Peaks, MT",Stephen Benjamin,sbenjamin@supplier.com,(555) 562-3858,513,Tech Supplies Inc.
"444 Magnolia Blvd, Mountain View, AZ",Sarah Taylor,staylor@supplier.com,(555) 760-5368,514,Strategic Partners Co.
"565 Summit Rd, High Point, NC",Stephanie Williams,swilliams@supplier.com,(555) 310-7349,515,Advance Dynamics
"565 Summit Rd, High Point, NC",Jessica Davis,jdavis@supplier.com,(555) 311-1372,516,Summit Solutions Corp.
"373 Seashell Dr, Ocean Grove, KY",George Rose,grose@supplier.com,(555) 858-9272,517,Advanced Hardware Corp.
"454 Valley Dr, Bridge Town, CT",Emma Judith,ejudith@supplier.com,(555) 301-5718,518,Ultimate Services
"789 Oak Ave, Metropolis, NY",Laura Madison,lmadison@supplier.com,(555) 397-6986,519,Strategic Partners Co.
"606 Cherry Cir, Bludhaven, DE",Eric Lauren,elauren@supplier.com,(555) 358-7736,520,Unified Trading Co.
"272 Coast Rd, Sea Cliff, MH",Steven Williams,swilliams@supplier.com,(555) 842-3189,521,Digital Innovations LLC
"949 Port Ave, Sound View, MP",Lisa Diana,ldiana@supplier.com,(555) 248-6013,522,Modern Tech Enterprises
"777 Juniper Ave, Golden Valley, NV",Jessica Jackson,jjackson@supplier.com,(555) 588-6666,523,Core Technologies
"252 Coast Dr, Sunset Beach, MS",Amanda Henry,ahenry@supplier.com,(555) 446-1891,524,Mega Suppliers
"131 Park Rd, Twin Peaks, MT",Steven Lopez,slopez@supplier.com,(555) 430-0166,525,Elite Electronics
"111 Redwood Ave, Bay Harbor, MI",Eric Dennis,edennis@supplier.com,(555) 284-7941,526,Excel Distribution Group
"838 Marina Rd, Lake Haven, AS",Andrew Madison,amadison@supplier.com,(555) 141-6342,527,Innovative Solutions Co.
"272 Coast Rd, Sea Cliff, MH",John Dorothy,jdorothy@supplier.com,(555) 812-9082,528,Core Technologies
"464 Mountain Dr, Shadow Vale, WY",Laura Jones,ljones@supplier.com,(555) 710-3865,529,Excel Distribution Group
"373 Seashell Dr, Ocean Grove, KY",George Wilson,gwilson@supplier.com,(555) 104-4645,530,Tech Supplies Inc.
"161 Harbor Ln, Bay Point, FM",Christine Gerald,cgerald@supplier.com,(555) 240-4096,531,Global Goods Ltd.
"929 Harbor Rd, Bay View, AK",Linda Thomas,lthomas@supplier.com,(555) 362-6346,532,Alpha Industries Ltd.
"616 Boardwalk St, Canal City, VI",Christine Wayne,cwayne@supplier.com,(555) 471-0791,533,Strategic Partners Co.
"464 Mountain Dr, Shadow Vale, WY",Michael Diana,mdiana@supplier.com,(555) 123-9483,534,Modern Tech Enterprises
"808 Willow St, Paradise City, FL",Margaret Philip,mphilip@supplier.com,(555) 271-6257,535,Tech Supplies Inc.
"696 Anchor St, Port Town, MO",Donald Walter,dwalter@supplier.com,(555) 990-7732,536,Premier Logistics Inc.
"616 Boardwalk St, Canal City, VI",Rebecca Miller,rmiller@supplier.com,(555) 458-8906,537,Advanced Hardware Corp.
"444 Magnolia Blvd, Mountain View, AZ",Margaret Virginia,mvirginia@supplier.com,(555) 644-8154,538,Premier Logistics Inc.
"919 Meadow Dr, Valley Falls, RI",Margaret Anderson,manderson@supplier.com,(555) 141-6342,539,Professional Supply Chain
"373 Seashell Dr, Ocean Grove, KY",Sandra Lopez,slopez@supplier.com,(555) 271-6257,540,Premier Logistics Inc.
"272 Coast Rd, Sea Cliff, MH",Linda Grace,lgrace@supplier.com,(555) 047-4283,541,Elite Electronics
"555 Palm Dr, Ocean Side, SC",Joseph Rodriguez,jrodriguez@supplier.com,(555) 644-8154,542,Next Level Systems
"373 Seashell Dr, Ocean Grove, KY",Christopher Peter,cpeter@supplier.com,(555) 845-7437,543,Unified Trading Co.
"717 Wave Dr, Coral Bay, OK",Jacob Diana,jdiana@supplier.com,(555) 925-5891,544,Next Level Systems
"717 Wave Dr, Coral Bay, OK",David Cynthia,dcynthia@supplier.com,(555) 804-7037,545,Elite Electronics
"303 Cedar Rd, Star City, WA",Gary Adam,gadam@supplier.com,(555) 362-6346,546,Ultimate Services
"555 Palm Dr, Ocean Side, SC",Paul Abigail,pabigail@supplier.com,(555) 562-3858,547,Mega Suppliers
"404 Birch Blvd, Central City, CO",Rebecca Roger,rroger@supplier.com,(555) 726-6018,548,Advance Dynamics
"717 Wave Dr, Coral Bay, OK",Donald Jane,djane@supplier.com,(555) 567-3979,549,Excel Distribution Group
"252 Coast Dr, Sunset Beach, MS",Paul Julia,pjulia@supplier.com,(555) 673-0033,550,Reliable Resources Inc.
"232 River St, Crystal Lake, IN",Lisa Jane,ljane@supplier.com,(555) 718-9588,551,Dynamic Systems Group
"222 Sequoia Dr, Lake Town, MN",Rebecca Dorothy,rdorothy@supplier.com,(555) 248-6013,552,Strategic Partners Co.
"727 Pier Dr, River Valley, GU",Donna Dennis,ddennis@supplier.com,(555) 382-6251,553,Innovative Solutions Co.
"909 Dogwood Ln, Steel City, PA",Eric Rose,erose@supplier.com,(555) 072-5689,554,Summit Solutions Corp.
"262 Coral Ave, Palm Beach, ND",Rachel Roger,rroger@supplier.com,(555) 274-1326,555,Future Tech
"919 Meadow Dr, Valley Falls, RI",Sarah Lopez,slopez@supplier.com,(555) 116-2735,556,Mega Suppliers
"707 Aspen Way, Fawcett City, OH",Catherine Moore,cmoore@supplier.com,(555) 319-7651,557,Next Level Systems
"121 Forest Ln, Emerald Heights, WI",Stephen Philip,sphilip@supplier.com,(555) 382-6251,558,Modern Tech Enterprises
"303 Cedar Rd, Star City, WA",Kevin Scott,kscott@supplier.com,(555) 446-5896,559,Innovative Solutions Co.
"123 Main St, Springfield, IL",Daniel Cynthia,dcynthia@supplier.com,(555) 193-8242,560,Precision Suppliers LLC
"303 Cedar Rd, Star City, WA",George Virginia,gvirginia@supplier.com,(555) 141-6342,561,Global Goods Ltd.
"111 Redwood Ave, Bay Harbor, MI",Barbara Maria,bmaria@supplier.com,(555) 673-0033,562,Alpha Industries Ltd.
"464 Mountain Dr, Shadow Vale, WY",Edward Taylor,etaylor@supplier.com,(555) 588-6666,563,Modern Tech Enterprises
"242 Garden St, Liberty City, AL",Joseph Natalie,jnatalie@supplier.com,(555) 362-6346,564,Future Tech
"161 Harbor Ln, Bay Point, FM",Jeffrey Hernandez,jhernandez@supplier.com,(555) 123-9483,565,Advanced Hardware Corp.
"202 Pine Ln, Gotham, NJ",Elizabeth Ruth,eruth@supplier.com,(555) 726-6018,566,Next Level Systems
"595 Surf Ave, Bayshore, PR",Daniel Walter,dwalter@supplier.com,(555) 274-1326,567,Ultimate Services
"595 Surf Ave, Bayshore, PR",Donna Judith,djudith@supplier.com,(555) 925-5891,568,Strategic Partners Co.
"838 Marina Rd, Lake Haven, AS",George Lauren,glauren@supplier.com,(555) 470-7017,569,Next Level Systems
"949 Port Ave, Sound View, MP",Stephanie Madison,smadison@supplier.com,(555) 779-5104,570,Quantum Enterprises
"797 Ocean Ave, Coastal Haven, HI",Donald Taylor,dtaylor@supplier.com,(555) 467-5786,571,Ultimate Services
"121 Forest Ln, Emerald Heights, WI",Joseph Smith,jsmith@supplier.com,(555) 710-3865,572,Next Level Systems
"606 Cherry Cir, Bludhaven, DE",Melissa Anna,manna@supplier.com,(555) 823-7316,573,Professional Supply Chain
"838 Marina Rd, Lake Haven, AS",Gary Hernandez,ghernandez@supplier.com,(555) 037-0931,574,Modern Tech Enterprises
"456 Elm St, Anytown, CA",Andrew Benjamin,abenjamin@supplier.com,(555) 047-4283,575,Digital Innovations LLC
"141 Shore Ln, Island City, MA",Timothy Wilson,twilson@supplier.com,(555) 507-3393,576,Advance Dynamics
"262 Coral Ave, Palm Beach, ND",Lisa Wayne,lwayne@supplier.com,(555) 718-9588,577,Advanced Hardware Corp.
"232 River St, Crystal Lake, IN",Olivia Martinez,omartinez@supplier.com,(555) 471-0791,578,Modern Tech Enterprises
"929 Harbor Rd, Bay View, AK",Emma Dorothy,edorothy@supplier.com,(555) 888-3303,579,Precision Suppliers LLC
"929 Harbor Rd, Bay View, AK",William Frank,wfrank@supplier.com,(555) 636-2063,580,Summit Solutions Corp.
"161 Harbor Ln, Bay Point, FM",Laura Davis,ldavis@supplier.com,(555) 775-3047,581,Digital Innovations LLC
"565 Summit Rd, High Point, NC",Lisa Martinez,lmartinez@supplier.com,(555) 359-0938,582,Next Level Systems
"141 Shore Ln, Island City, MA",Nancy Jackson,njackson@supplier.com,(555) 851-5653,583,Reliable Resources Inc.
"456 Elm St, Anytown, CA",Barbara Sophia,bsophia@supplier.com,(555) 567-2433,584,Core Technologies
"696 Anchor St, Port Town, MO",Ryan Bruce,rbruce@supplier.com,(555) 888-3303,585,Mega Suppliers
"404 Birch Blvd, Central City, CO",James Arthur,jarthur@supplier.com,(555) 921-5498,586,Excel Distribution Group
"787 Creek Ln, Green Valley, AR",Gary Madison,gmadison@supplier.com,(555) 842-3189,587,Advance Dynamics
"454 Valley Dr, Bridge Town, CT",Mary Jones,mjones@supplier.com,(555) 921-5498,588,Premier Logistics Inc.
"111 Redwood Ave, Bay Harbor, MI",Emily Rodriguez,erodriguez@supplier.com,(555) 470-7017,589,Dynamic Systems Group
"707 Aspen Way, Fawcett City, OH",Helen Peter,hpeter@supplier.com,(555) 008-5612,590,Alpha Industries Ltd.
"101 Maple Dr, Smallville, KS",Nicholas Anderson,nanderson@supplier.com,(555) 430-0166,591,Global Goods Ltd.
"919 Meadow Dr, Valley Falls, RI",Ashley Gerald,agerald@supplier.com,(555) 643-4825,592,Reliable Resources Inc.
"696 Anchor St, Port Town, MO",Christine Walter,cwalter@supplier.com,(555) 359-0938,593,Professional Supply Chain
"456 Elm St, Anytown, CA",Kenneth Anderson,kanderson@supplier.com,(555) 655-0661,594,Ultimate Services
"363 Bay St, Lakeside, IA",Ryan Arthur,rarthur@supplier.com,(555) 888-3303,595,Precision Suppliers LLC
"909 Dogwood Ln, Steel City, PA",Melissa Victoria,mvictoria@supplier.com,(555) 038-3373,596,Unified Trading Co.
"444 Magnolia Blvd, Mountain View, AZ",Jeffrey Wayne,jwayne@supplier.com,(555) 319-7651,597,Precision Suppliers LLC
"595 Surf Ave, Bayshore, PR",Elizabeth Moore,emoore@supplier.com,(555) 718-9588,598,Premier Logistics Inc.
"595 Surf Ave, Bayshore, PR",Brian Lauren,blauren@supplier.com,(555) 633-3584,599,Quantum Enterprises
"696 Anchor St, Port Town, MO",Gary Amy,gamy@supplier.com,(555) 527-3715,600,Next Level Systems
